{
  "settings": {
    "batch_size": null,
    "seed": null,
    "minimize": null,
    "eta_mean": null,
    "eta_scale_global": null,
    "eta_scale_shape": null
  },
  "status": {
    "num_samples": 140,
    "num_batches": 23,
    "num_restarts": 0,
    "num_parameters": 2,
    "axis_ratio": 2.8573810932988093,
    "scale_global": 0.19546720989679664,
    "batch_progress": 2,
    "batch_size": 6
  },
  "mean": [
    0.9894534710031279,
    0.3463938579323891
  ],
  "scale": [
    [
      0.3288981122073169,
      0.027306243523179608
    ],
    [
      -0.024442508827812886,
      0.11413868202078871
    ]
  ],
  "schema": {
    "simulation_time": {
      "mean": 1.0,
      "scale": 1.0,
      "min": 0.0,
      "max": null
    },
    "retreat_threshold": {
      "mean": null,
      "scale": 1.0,
      "min": null,
      "max": null
    }
  },
  "results": [
    [
      1.0,
      5.460455037919826
    ],
    [
      1.0,
      4.784688995215311
    ],
    null,
    null,
    null,
    null
  ],
  "pending_context_matches": {},
  "batch": [
    [
      -0.8295077276149975,
      -1.9818176387076112,
      -1.5511549730749945,
      0.8295077276149975,
      1.9818176387076112,
      1.5511549730749945
    ],
    [
      -0.7472100918955059,
      2.2000948111680048,
      0.11713692678959103,
      0.7472100918955059,
      -2.2000948111680048,
      -0.11713692678959103
    ]
  ]
}