{
  "schema": {
    "attack_threshold": {
      "loc": 0.5,
      "scale": 1.0,
      "min": 0.0,
      "max": 1.0
    },
    "retreat_threshold": {
      "loc": 0.5,
      "scale": 1.0,
      "min": 0.0,
      "max": 1.0
    }
  },
  "loc": [
    -6.378648509395934,
    8.288206214326145
  ],
  "scale": [
    [
      0.06648933628961161,
      -0.3605336288788351
    ],
    [
      0.9385793908727056,
      1.1100646304984478
    ]
  ],
  "step_size_path": [
    0.4149276266740373,
    1.0244127106310146
  ],
  "batch": [
    [
      -1.3367055387864375,
      1.2431442410735947,
      -0.04773906661320428,
      1.3367055387864375,
      -1.2431442410735947,
      0.04773906661320428
    ],
    [
      0.5945749010895416,
      2.794799762836416,
      0.14470481471132812,
      -0.5945749010895416,
      -2.794799762836416,
      -0.14470481471132812
    ]
  ],
  "results": [
    null,
    null,
    null,
    null,
    null,
    null
  ],
  "context_pending": {},
  "rng_state": {
    "bit_generator": "PCG64",
    "state": {
      "state": 307699032597614598555339849094844084906,
      "inc": 75830745050289527113894188423178643573
    },
    "has_uint32": 0,
    "uinteger": 0
  }
}